<Field StaticName='{{InternalName}}' Name='{{InternalName}}' DisplayName='{{DisplayName}}' ID='{{{FieldGuid}}}' Type='TaxonomyFieldTypeMulti' Required='FALSE' ShowField='Term1033' EnforceUniqueValues='FALSE' DisplaceOnUpgrade='TRUE' Mult='TRUE' Group='Fresh Columns'>
  <Customization>
    <ArrayOfProperty>
      <Property>
        <Name>SspId</Name>
        <Value xmlns:q1='http://www.w3.org/2001/XMLSchema' p4:type='q1:string'
          xmlns:p4='http://www.w3.org/2001/XMLSchema-instance'>{{SiteCollectionTermStoreId}}</Value>
      </Property>
      <Property>
        <Name>GroupId</Name>
      </Property>
      <Property>
        <Name>TermSetId</Name>
        <Value xmlns:q3='http://www.w3.org/2001/XMLSchema' p4:type='q3:string'
          xmlns:p4='http://www.w3.org/2001/XMLSchema-instance'>{{TermSetGuid}}</Value>
      </Property>
      <Property>
        <Name>AnchorId</Name>
        <Value xmlns:q4='http://www.w3.org/2001/XMLSchema' p4:type='q4:string'
          xmlns:p4='http://www.w3.org/2001/XMLSchema-instance'>00000000-0000-0000-0000-000000000000</Value>
      </Property>
      <Property>
        <Name>UserCreated</Name>
        <Value xmlns:q5='http://www.w3.org/2001/XMLSchema' p4:type='q5:boolean'
          xmlns:p4='http://www.w3.org/2001/XMLSchema-instance'>false</Value>
      </Property>
      <Property>
        <Name>Open</Name>
        <Value xmlns:q6='http://www.w3.org/2001/XMLSchema' p4:type='q6:boolean'
          xmlns:p4='http://www.w3.org/2001/XMLSchema-instance'>false</Value>
      </Property>
      <Property>
        <Name>TextField</Name>
        <Value xmlns:q7='http://www.w3.org/2001/XMLSchema' p4:type='q7:string'
          xmlns:p4='http://www.w3.org/2001/XMLSchema-instance'>{{{HiddenFieldGuid}}}</Value>
      </Property>
      <Property>
        <Name>IsPathRendered</Name>
        <Value xmlns:q8='http://www.w3.org/2001/XMLSchema' p4:type='q8:boolean'
          xmlns:p4='http://www.w3.org/2001/XMLSchema-instance'>false</Value>
      </Property>
      <Property>
        <Name>IsKeyword</Name>
        <Value xmlns:q9='http://www.w3.org/2001/XMLSchema' p4:type='q9:boolean'
          xmlns:p4='http://www.w3.org/2001/XMLSchema-instance'>false</Value>
      </Property>
      <Property>
        <Name>TargetTemplate</Name>
      </Property>
      <Property>
        <Name>CreateValuesInEditForm</Name>
        <Value xmlns:q10='http://www.w3.org/2001/XMLSchema' p4:type='q10:boolean'
          xmlns:p4='http://www.w3.org/2001/XMLSchema-instance'>true</Value>
      </Property>
      <Property>
        <Name>FilterAssemblyStrongName</Name>
        <Value xmlns:q11='http://www.w3.org/2001/XMLSchema' p4:type='q11:string'
          xmlns:p4='http://www.w3.org/2001/XMLSchema-instance'>Microsoft.SharePoint.Taxonomy, Version=16.0.0.0, Culture=neutral, PublicKeyToken=71e9bce111e9429c</Value>
      </Property>
      <Property>
        <Name>FilterClassName</Name>
        <Value xmlns:q12='http://www.w3.org/2001/XMLSchema' p4:type='q12:string'
          xmlns:p4='http://www.w3.org/2001/XMLSchema-instance'>Microsoft.SharePoint.Taxonomy.TaxonomyField</Value>
      </Property>
      <Property>
        <Name>FilterMethodName</Name>
        <Value xmlns:q13='http://www.w3.org/2001/XMLSchema' p4:type='q13:string'
          xmlns:p4='http://www.w3.org/2001/XMLSchema-instance'>GetFilteringHtml</Value>
      </Property>
      <Property>
        <Name>FilterJavascriptProperty</Name>
        <Value xmlns:q14='http://www.w3.org/2001/XMLSchema' p4:type='q14:string'
          xmlns:p4='http://www.w3.org/2001/XMLSchema-instance'>FilteringJavascript</Value>
      </Property>
    </ArrayOfProperty>
  </Customization>
</Field>