<SearchConfigurationSettings xmlns:i="http://www.w3.org/2001/XMLSchema-instance"
  xmlns="http://schemas.datacontract.org/2004/07/Microsoft.Office.Server.Search.Portability">

  <SearchSchemaConfigurationSettings>
    <CategoriesAndCrawledProperties xmlns:d3p1="http://schemas.microsoft.com/2003/10/Serialization/Arrays">
      <d3p1:KeyValueOfguidCrawledPropertyInfoCollectionaSYUqUE_P>
        <d3p1:Key>00130329-0000-0130-c000-000000131346</d3p1:Key>
        <d3p1:Value xmlns:d5p1="http://schemas.datacontract.org/2004/07/Microsoft.Office.Server.Search.Administration">
          <d5p1:dictionary>

            <d3p1:KeyValueOfstringCrawledPropertyInfoy6h3NzC8>
              <d3p1:Key>ows_CandC_DesktopOnly</d3p1:Key>
              <d3p1:Value>
                <d5p1:Name>ows_CandC_DesktopOnly</d5p1:Name>
                <d5p1:CategoryName i:nil="true" />
                <d5p1:IsImplicit>false</d5p1:IsImplicit>
                <d5p1:IsMappedToContents>true</d5p1:IsMappedToContents>
                <d5p1:IsNameEnum>false</d5p1:IsNameEnum>
                <d5p1:MappedManagedProperties />
                <d5p1:Propset>00000000-0000-0000-0000-000000000000</d5p1:Propset>
                <d5p1:Samples i:nil="true" />
                <d5p1:SchemaId>0</d5p1:SchemaId>
              </d3p1:Value>
            </d3p1:KeyValueOfstringCrawledPropertyInfoy6h3NzC8>

            <d3p1:KeyValueOfstringCrawledPropertyInfoy6h3NzC8>
              <d3p1:Key>ows_CandC_MobileOnly</d3p1:Key>
              <d3p1:Value>
                <d5p1:Name>ows_CandC_MobileOnly</d5p1:Name>
                <d5p1:CategoryName i:nil="true" />
                <d5p1:IsImplicit>false</d5p1:IsImplicit>
                <d5p1:IsMappedToContents>true</d5p1:IsMappedToContents>
                <d5p1:IsNameEnum>false</d5p1:IsNameEnum>
                <d5p1:MappedManagedProperties />
                <d5p1:Propset>00000000-0000-0000-0000-000000000000</d5p1:Propset>
                <d5p1:Samples i:nil="true" />
                <d5p1:SchemaId>0</d5p1:SchemaId>
              </d3p1:Value>
            </d3p1:KeyValueOfstringCrawledPropertyInfoy6h3NzC8>

            <d3p1:KeyValueOfstringCrawledPropertyInfoy6h3NzC8>
              <d3p1:Key>ows_CandC_WhiteText</d3p1:Key>
              <d3p1:Value>
                <d5p1:Name>ows_CandC_WhiteText</d5p1:Name>
                <d5p1:CategoryName i:nil="true" />
                <d5p1:IsImplicit>false</d5p1:IsImplicit>
                <d5p1:IsMappedToContents>true</d5p1:IsMappedToContents>
                <d5p1:IsNameEnum>false</d5p1:IsNameEnum>
                <d5p1:MappedManagedProperties />
                <d5p1:Propset>00000000-0000-0000-0000-000000000000</d5p1:Propset>
                <d5p1:Samples i:nil="true" />
                <d5p1:SchemaId>0</d5p1:SchemaId>
              </d3p1:Value>
            </d3p1:KeyValueOfstringCrawledPropertyInfoy6h3NzC8>

          </d5p1:dictionary>
        </d3p1:Value>
      </d3p1:KeyValueOfguidCrawledPropertyInfoCollectionaSYUqUE_P>
    </CategoriesAndCrawledProperties>
    <CrawledProperties xmlns:d3p1="http://schemas.datacontract.org/2004/07/Microsoft.Office.Server.Search.Administration" i:nil="true" />
    <ManagedProperties xmlns:d3p1="http://schemas.datacontract.org/2004/07/Microsoft.Office.Server.Search.Administration">
      <d3p1:dictionary xmlns:d4p1="http://schemas.microsoft.com/2003/10/Serialization/Arrays">

        <d4p1:KeyValueOfstringManagedPropertyInfoy6h3NzC8>
          <d4p1:Key>FreshDesktopOnly</d4p1:Key>
          <d4p1:Value>
            <d3p1:Name>FreshDesktopOnly</d3p1:Name>
            <d3p1:Aliases />
            <d3p1:CompleteMatching>false</d3p1:CompleteMatching>
            <d3p1:Context>0</d3p1:Context>
            <d3p1:DeleteDisallowed>false</d3p1:DeleteDisallowed>
            <d3p1:Description />
            <d3p1:EnabledForScoping>false</d3p1:EnabledForScoping>
            <d3p1:EntityExtractorBitMap>0</d3p1:EntityExtractorBitMap>
            <d3p1:ExpandSegments>false</d3p1:ExpandSegments>
            <d3p1:FullTextIndex i:nil="true" />
            <d3p1:HasMultipleValues>false</d3p1:HasMultipleValues>
            <d3p1:Hidden>false</d3p1:Hidden>
            <d3p1:IndexOptions>0</d3p1:IndexOptions>
            <d3p1:IsImplicit>false</d3p1:IsImplicit>
            <d3p1:IsReadOnly>false</d3p1:IsReadOnly>
            <d3p1:LanguageNeutralWordBreaker>false</d3p1:LanguageNeutralWordBreaker>
            <d3p1:ManagedType>YesNo</d3p1:ManagedType>
            <d3p1:MappedCrawledProperties />
            <d3p1:MappingDisallowed>false</d3p1:MappingDisallowed>
            <d3p1:Pid>3895</d3p1:Pid>
            <d3p1:Queryable>true</d3p1:Queryable>
            <d3p1:Refinable>false</d3p1:Refinable>
            <d3p1:RefinerConfiguration>
              <d3p1:Anchoring>Auto</d3p1:Anchoring>
              <d3p1:CutoffMaxBuckets>1000</d3p1:CutoffMaxBuckets>
              <d3p1:Divisor>1</d3p1:Divisor>
              <d3p1:Intervals>4</d3p1:Intervals>
              <d3p1:Resolution>1</d3p1:Resolution>
              <d3p1:Type>Deep</d3p1:Type>
            </d3p1:RefinerConfiguration>
            <d3p1:RemoveDuplicates>false</d3p1:RemoveDuplicates>
            <d3p1:RespectPriority>false</d3p1:RespectPriority>
            <d3p1:Retrievable>true</d3p1:Retrievable>
            <d3p1:SafeForAnonymous>true</d3p1:SafeForAnonymous>
            <d3p1:Searchable>false</d3p1:Searchable>
            <d3p1:Sortable>false</d3p1:Sortable>
            <d3p1:SortableType>Enabled</d3p1:SortableType>
            <d3p1:TokenNormalization>true</d3p1:TokenNormalization>
            <d3p1:UpdateGroup i:nil="true" />
          </d4p1:Value>
        </d4p1:KeyValueOfstringManagedPropertyInfoy6h3NzC8>
        <d4p1:KeyValueOfstringManagedPropertyInfoy6h3NzC8>
          <d4p1:Key>FreshMobileOnly</d4p1:Key>
          <d4p1:Value>
            <d3p1:Name>FreshMobileOnly</d3p1:Name>
            <d3p1:Aliases />
            <d3p1:CompleteMatching>false</d3p1:CompleteMatching>
            <d3p1:Context>0</d3p1:Context>
            <d3p1:DeleteDisallowed>false</d3p1:DeleteDisallowed>
            <d3p1:Description />
            <d3p1:EnabledForScoping>false</d3p1:EnabledForScoping>
            <d3p1:EntityExtractorBitMap>0</d3p1:EntityExtractorBitMap>
            <d3p1:ExpandSegments>false</d3p1:ExpandSegments>
            <d3p1:FullTextIndex i:nil="true" />
            <d3p1:HasMultipleValues>false</d3p1:HasMultipleValues>
            <d3p1:Hidden>false</d3p1:Hidden>
            <d3p1:IndexOptions>0</d3p1:IndexOptions>
            <d3p1:IsImplicit>false</d3p1:IsImplicit>
            <d3p1:IsReadOnly>false</d3p1:IsReadOnly>
            <d3p1:LanguageNeutralWordBreaker>false</d3p1:LanguageNeutralWordBreaker>
            <d3p1:ManagedType>YesNo</d3p1:ManagedType>
            <d3p1:MappedCrawledProperties />
            <d3p1:MappingDisallowed>false</d3p1:MappingDisallowed>
            <d3p1:Pid>3894</d3p1:Pid>
            <d3p1:Queryable>true</d3p1:Queryable>
            <d3p1:Refinable>false</d3p1:Refinable>
            <d3p1:RefinerConfiguration>
              <d3p1:Anchoring>Auto</d3p1:Anchoring>
              <d3p1:CutoffMaxBuckets>1000</d3p1:CutoffMaxBuckets>
              <d3p1:Divisor>1</d3p1:Divisor>
              <d3p1:Intervals>4</d3p1:Intervals>
              <d3p1:Resolution>1</d3p1:Resolution>
              <d3p1:Type>Deep</d3p1:Type>
            </d3p1:RefinerConfiguration>
            <d3p1:RemoveDuplicates>false</d3p1:RemoveDuplicates>
            <d3p1:RespectPriority>true</d3p1:RespectPriority>
            <d3p1:Retrievable>true</d3p1:Retrievable>
            <d3p1:SafeForAnonymous>true</d3p1:SafeForAnonymous>
            <d3p1:Searchable>false</d3p1:Searchable>
            <d3p1:Sortable>false</d3p1:Sortable>
            <d3p1:SortableType>Enabled</d3p1:SortableType>
            <d3p1:TokenNormalization>true</d3p1:TokenNormalization>
            <d3p1:UpdateGroup i:nil="true" />
          </d4p1:Value>
        </d4p1:KeyValueOfstringManagedPropertyInfoy6h3NzC8>
        <d4p1:KeyValueOfstringManagedPropertyInfoy6h3NzC8>
          <d4p1:Key>FreshWhiteText</d4p1:Key>
          <d4p1:Value>
            <d3p1:Name>FreshWhiteText</d3p1:Name>
            <d3p1:Aliases />
            <d3p1:CompleteMatching>false</d3p1:CompleteMatching>
            <d3p1:Context>0</d3p1:Context>
            <d3p1:DeleteDisallowed>false</d3p1:DeleteDisallowed>
            <d3p1:Description />
            <d3p1:EnabledForScoping>false</d3p1:EnabledForScoping>
            <d3p1:EntityExtractorBitMap>0</d3p1:EntityExtractorBitMap>
            <d3p1:ExpandSegments>false</d3p1:ExpandSegments>
            <d3p1:FullTextIndex i:nil="true" />
            <d3p1:HasMultipleValues>false</d3p1:HasMultipleValues>
            <d3p1:Hidden>false</d3p1:Hidden>
            <d3p1:IndexOptions>0</d3p1:IndexOptions>
            <d3p1:IsImplicit>false</d3p1:IsImplicit>
            <d3p1:IsReadOnly>false</d3p1:IsReadOnly>
            <d3p1:LanguageNeutralWordBreaker>false</d3p1:LanguageNeutralWordBreaker>
            <d3p1:ManagedType>YesNo</d3p1:ManagedType>
            <d3p1:MappedCrawledProperties />
            <d3p1:MappingDisallowed>false</d3p1:MappingDisallowed>
            <d3p1:Pid>3893</d3p1:Pid>
            <d3p1:Queryable>true</d3p1:Queryable>
            <d3p1:Refinable>false</d3p1:Refinable>
            <d3p1:RefinerConfiguration>
              <d3p1:Anchoring>Auto</d3p1:Anchoring>
              <d3p1:CutoffMaxBuckets>1000</d3p1:CutoffMaxBuckets>
              <d3p1:Divisor>1</d3p1:Divisor>
              <d3p1:Intervals>4</d3p1:Intervals>
              <d3p1:Resolution>1</d3p1:Resolution>
              <d3p1:Type>Deep</d3p1:Type>
            </d3p1:RefinerConfiguration>
            <d3p1:RemoveDuplicates>false</d3p1:RemoveDuplicates>
            <d3p1:RespectPriority>false</d3p1:RespectPriority>
            <d3p1:Retrievable>true</d3p1:Retrievable>
            <d3p1:SafeForAnonymous>true</d3p1:SafeForAnonymous>
            <d3p1:Searchable>false</d3p1:Searchable>
            <d3p1:Sortable>false</d3p1:Sortable>
            <d3p1:SortableType>Enabled</d3p1:SortableType>
            <d3p1:TokenNormalization>true</d3p1:TokenNormalization>
            <d3p1:UpdateGroup i:nil="true" />
          </d4p1:Value>
        </d4p1:KeyValueOfstringManagedPropertyInfoy6h3NzC8>

      </d3p1:dictionary>
      <d3p1:TotalCount>0</d3p1:TotalCount>
    </ManagedProperties>
    <Mappings xmlns:d3p1="http://schemas.datacontract.org/2004/07/Microsoft.Office.Server.Search.Administration">
      <d3p1:dictionary xmlns:d4p1="http://schemas.microsoft.com/2003/10/Serialization/Arrays">

        <d4p1:KeyValueOfstringMappingInfoy6h3NzC8>
          <d4p1:Key>00130329-0000-0130-c000-000000131346:ows_CandC_DesktopOnly-&gt;3895</d4p1:Key>
          <d4p1:Value>
            <d3p1:Name>00130329-0000-0130-c000-000000131346:ows_CandC_DesktopOnly-&gt;3895</d3p1:Name>
            <d3p1:CrawledPropertyName>ows_CandC_DesktopOnly</d3p1:CrawledPropertyName>
            <d3p1:CrawledPropset>00130329-0000-0130-c000-000000131346</d3p1:CrawledPropset>
            <d3p1:ManagedPid>3895</d3p1:ManagedPid>
            <d3p1:MappingOrder>10</d3p1:MappingOrder>
            <d3p1:SchemaId>0</d3p1:SchemaId>
          </d4p1:Value>
        </d4p1:KeyValueOfstringMappingInfoy6h3NzC8>

        <d4p1:KeyValueOfstringMappingInfoy6h3NzC8>
          <d4p1:Key>00130329-0000-0130-c000-000000131346:ows_CandC_MobileOnly-&gt;3894</d4p1:Key>
          <d4p1:Value>
            <d3p1:Name>00130329-0000-0130-c000-000000131346:ows_CandC_MobileOnly-&gt;3894</d3p1:Name>
            <d3p1:CrawledPropertyName>ows_CandC_MobileOnly</d3p1:CrawledPropertyName>
            <d3p1:CrawledPropset>00130329-0000-0130-c000-000000131346</d3p1:CrawledPropset>
            <d3p1:ManagedPid>3894</d3p1:ManagedPid>
            <d3p1:MappingOrder>10</d3p1:MappingOrder>
            <d3p1:SchemaId>0</d3p1:SchemaId>
          </d4p1:Value>
        </d4p1:KeyValueOfstringMappingInfoy6h3NzC8>

        <d4p1:KeyValueOfstringMappingInfoy6h3NzC8>
          <d4p1:Key>00130329-0000-0130-c000-000000131346:ows_CandC_WhiteText-&gt;3893</d4p1:Key>
          <d4p1:Value>
            <d3p1:Name>00130329-0000-0130-c000-000000131346:ows_CandC_WhiteText-&gt;3893</d3p1:Name>
            <d3p1:CrawledPropertyName>ows_CandC_WhiteText</d3p1:CrawledPropertyName>
            <d3p1:CrawledPropset>00130329-0000-0130-c000-000000131346</d3p1:CrawledPropset>
            <d3p1:ManagedPid>3893</d3p1:ManagedPid>
            <d3p1:MappingOrder>10</d3p1:MappingOrder>
            <d3p1:SchemaId>0</d3p1:SchemaId>
          </d4p1:Value>
        </d4p1:KeyValueOfstringMappingInfoy6h3NzC8>
      </d3p1:dictionary>
    </Mappings>

  </SearchSchemaConfigurationSettings>
</SearchConfigurationSettings>
