﻿<?xml version="1.0"?>
<pnp:Provisioning xmlns:pnp="http://schemas.dev.office.com/PnP/2021/03/ProvisioningSchema">

  <pnp:Preferences Author="Fresh Team" Version="4.3" Generator="Fresh">
    <pnp:Parameters>
      <pnp:Parameter Key="EncodedGroupId"/>
      <pnp:Parameter Key="TopNavigationTermSetGuid">f33bfc6d-63f7-4b8c-b8a3-f0e422403dd6</pnp:Parameter>
      <pnp:Parameter Key="FooterNavigationTermSetGuid">54090690-00e9-429b-b88d-0c26bf2f4ab9</pnp:Parameter>
      <pnp:Parameter Key="SiteStamp">Community</pnp:Parameter>
      <pnp:Parameter Key="InstanceStamp">Fresh</pnp:Parameter>
      <pnp:Parameter Key="SiteDescription" />
      <pnp:Parameter Key="CandC_MainContact" />
      <pnp:Parameter Key="TaxonomyTerm" />
      <pnp:Parameter Key="CandC_Tax_1" />
      <pnp:Parameter Key="CandC_Tax_2" />
      <pnp:Parameter Key="CandC_Tax_3" />
      <pnp:Parameter Key="CandC_Tax_4" />
      <pnp:Parameter Key="CandC_Tax_5" />
      <pnp:Parameter Key="CandC_Tax_6" />
      <pnp:Parameter Key="CandC_Tax_7" />
      <pnp:Parameter Key="CandC_Tax_8" />
      <pnp:Parameter Key="CandC_Tax_9" />
      <pnp:Parameter Key="CandC_Tax_10" />
      <pnp:Parameter Key="HeaderProps"><![CDATA[
{
  "headerType": 1,
  "isFullWidth": true,
  "title": "{sitename}",
  "compact": true,
}
]]>
      </pnp:Parameter>
      <pnp:Parameter Key="DocumentsRollupProps"><![CDATA[
{
  "title": "Community documents",
  "description": "",
  "displayMode": 11,
  "showActivity": true,
  "showSearchBox": true,
  "showActions": true,
  "refinerDisplayMode": "None",
  "linkedLibraryText": "Open library",
  "query": {
    "scope": 2,
    "queryTemplate": "{searchTerms} ContentTypeId:0x010100* (-FileExtension=aspx OR SecondaryFileExtension:(potx OR potm OR xltx OR xltm)) Path:{\\SiteCollection}",
    "rowLimit": 8,
    "trimDuplicates": false,
    "sortList": [
      {
        "managedProperty": "LastModifiedTime",
        "ascending": false
      }
    ],
    "selectProperties": [
      "Title",
      "Description",
      "PictureThumbnailURL",
      "Path",
      "ServerRedirectedURL",
      "DefaultEncodingURL",
      "Filename",
      "ListItemId",
      "ListId",
      "Author",
      "AuthorOWSUSER",
      "ModifiedById",
      "LastModifiedTime",
      "Title",
      "ServerRedirectedPreviewURL",
      "PublishingImage",
      "PictureWidth",
      "SecondaryFileExtension",
      "UniqueID",
      "ProgId",
      "CheckoutUserOWSUSER",
      "SiteTitle",
      "SPWebUrl",
      "IsDocument",
      "FreshSortableTitle",
      "ContentTypeId",
      "ParentLink",
      "ViewsRecent",
      "SiteName",
      "OriginalSourceUrlOWSTEXT",
      "FreshTax1",
      "FreshTax2",
      "FreshTax3",
      "FreshTax4",
      "FreshTax5",
      "FreshTax6",
      "FreshTax7",
      "FreshTax8"
    ],
    "isDialogOpen": false,
    "featuredOnly": false,
    "usePagination": true,
    "rowsPerPage": 8,
    "extensions": []
  }
}
]]>
      </pnp:Parameter>
    </pnp:Parameters>
  </pnp:Preferences>


  <pnp:Templates>
    <pnp:ProvisioningTemplate ID="FRESH-COMMUNITY-SITE" DisplayName="Community site" Version="1.0">

      <pnp:PropertyBagEntries>
        <pnp:PropertyBagEntry Key="FreshSiteType" Value="{parameter:SiteStamp}" Overwrite="false" Indexed="true"/>
        <pnp:PropertyBagEntry Key="FreshInstance" Value="{parameter:InstanceStamp}" Overwrite="false" Indexed="true"/>
        <pnp:PropertyBagEntry Key="FreshVersion" Value="3" Overwrite="false" Indexed="true"/>
      </pnp:PropertyBagEntries>

      <pnp:Header Layout="Compact" MenuStyle="MegaMenu" />
      <pnp:Footer Enabled="false" RemoveExistingNodes="false" />

      <pnp:CustomActions>
        <pnp:WebCustomActions>
          <pnp:CustomAction Name="GlobalNavigationApplicationCustomizer" Location="ClientSideExtension.ApplicationCustomizer" Title="GlobalNavigationApplicationCustomizer" Sequence="0" Rights="" RegistrationType="None" ClientSideComponentId="63be6d0b-999c-45a2-ad79-ab068457f32f" ClientSideComponentProperties="{&quot;topNavigationTermSetId&quot;: &quot;{parameter:TopNavigationTermSetGuid}&quot;, &quot;footerNavigationTermSetId&quot;: &quot;{parameter:FooterNavigationTermSetGuid}&quot;, &quot;replaceModernHeader&quot;: false, &quot;showLocalNavigation&quot;: false}" />
        </pnp:WebCustomActions>
      </pnp:CustomActions>

      <pnp:Lists>
        <pnp:ListInstance Title="Site Pages" Description="" DocumentTemplate="" TemplateType="119" Url="SitePages" EnableVersioning="true" EnableMinorVersions="true" MinorVersionLimit="0" MaxVersionLimit="0" DraftVersionVisibility="1" TemplateFeatureID="00bfea71-c796-4402-9f2f-0eb9a6e71b18" ContentTypesEnabled="true" EnableAttachments="false" EnableFolderCreation="false" DefaultDisplayFormUrl="{site}/SitePages/Forms/DispForm.aspx" DefaultEditFormUrl="{site}/SitePages/Forms/EditForm.aspx" DefaultNewFormUrl="{site}/SitePages/Forms/Upload.aspx" ImageUrl="/_layouts/15/images/itdl.png?rev=44" IsApplicationList="true" ValidationFormula="" ValidationMessage="">
          <pnp:ContentTypeBindings>
            <pnp:ContentTypeBinding ContentTypeID="0x0101009D1CB255DA76424F860D91F20E6C4118007B974495CDFA4C0A89C7E74EB158E5EA" />
          </pnp:ContentTypeBindings>
        </pnp:ListInstance>
      </pnp:Lists>

      <pnp:ClientSidePages>
        <pnp:ClientSidePage PageName="Home.aspx" Title="{parameter:SiteTitle}" PromoteAsNewsArticle="false" Overwrite="true" Layout="Home" EnableComments="false" ContentTypeID="0x0101009D1CB255DA76424F860D91F20E6C4118007B974495CDFA4C0A89C7E74EB158E5EA">
          <pnp:Header Type="Default" LayoutType="FullWidthImage" TextAlignment="Center" ShowTopicHeader="false" ShowPublishDate="false" TopicHeader="" AlternativeText="" Authors="" AuthorByLineId="-1" />
          <pnp:Sections>
            <pnp:Section Order="1" Type="TwoColumnLeft">
              <pnp:Controls>
                <pnp:CanvasControl WebPartType="Custom" JsonControlData="{&quot;id&quot;: &quot;cb3bfe97-a47f-47ca-bffb-bb9a5ff83d75&quot;, &quot;instanceId&quot;: &quot;c0945535-1f95-416c-9582-89ff0adf72a3&quot;, &quot;title&quot;: &quot;Conversations&quot;, &quot;description&quot;: &quot;Conversations&quot;, &quot;dataVersion&quot;: &quot;1.0&quot;, &quot;properties&quot;: {&quot;id&quot;:&quot;{parameter:EncodedGroupId}&quot;}, &quot;serverProcessedContent&quot;: {&quot;htmlStrings&quot;:{},&quot;searchablePlainTexts&quot;:{},&quot;imageSources&quot;:{},&quot;links&quot;:{}}, &quot;dynamicDataPaths&quot;: {}, &quot;dynamicDataValues&quot;: {}}" ControlId="cb3bfe97-a47f-47ca-bffb-bb9a5ff83d75" Order="1" Column="1" />
                <pnp:CanvasControl WebPartType="Custom" JsonControlData="{&quot;id&quot;: &quot;8f251520-e730-473b-afbd-d8d1d6b4a47d&quot;, &quot;instanceId&quot;: &quot;00e95f6b-8eb6-40ee-b1f0-f09638092bc9&quot;, &quot;title&quot;: &quot;[Fresh] Document cards&quot;, &quot;description&quot;: &quot;Display a list of document cards&quot;, &quot;dataVersion&quot;: &quot;1.0&quot;, &quot;properties&quot;: {&quot;title&quot;:&quot;Community documents&quot;,&quot;linkText&quot;:&quot;See more&quot;,&quot;linkTarget&quot;:1,&quot;displayMode&quot;:3,&quot;displayModeStyle&quot;:1,&quot;textPosition&quot;:1,&quot;clampDescription&quot;:true,&quot;useRoundedCorners&quot;:true,&quot;itemsPerPage&quot;:4,&quot;density&quot;:4,&quot;autoplayCarouselTimeout&quot;:3,&quot;thumbnailType&quot;:1,&quot;backgroundType&quot;:2,&quot;authorField&quot;:&quot;ModifiedById&quot;,&quot;dateField&quot;:&quot;LastModifiedTime&quot;,&quot;labelField&quot;:&quot;0&quot;,&quot;defaultIcon&quot;:&quot;Articles&quot;,&quot;useNeutralBackgroundColor&quot;:true,&quot;iconBackgroundColor&quot;:&quot;#9e00b7&quot;,&quot;query&quot;:{&quot;scope&quot;:3,&quot;queryTemplate&quot;:&quot;{searchTerms} ContentTypeId:0x010100* (-FileExtension=aspx OR SecondaryFileExtension:(potx OR potm OR xltx OR xltm)) Path:{Site}&quot;,&quot;rowLimit&quot;:12,&quot;trimDuplicates&quot;:false,&quot;selectProperties&quot;:[&quot;Title&quot;,&quot;Description&quot;,&quot;PictureThumbnailURL&quot;,&quot;Path&quot;,&quot;ServerRedirectedURL&quot;,&quot;DefaultEncodingURL&quot;,&quot;Filename&quot;,&quot;ListItemId&quot;,&quot;ListId&quot;,&quot;SecondaryFileExtension&quot;,&quot;Author&quot;,&quot;AuthorOWSUSER&quot;,&quot;Created&quot;,&quot;ModifiedById&quot;,&quot;LastModifiedTime&quot;,&quot;Title&quot;,&quot;ServerRedirectedPreviewURL&quot;,&quot;PublishingImage&quot;,&quot;PictureWidth&quot;,&quot;UniqueID&quot;,&quot;NormUniqueID&quot;,&quot;NormSiteID&quot;,&quot;ProgId&quot;,&quot;CheckoutUserOWSUSER&quot;,&quot;SiteTitle&quot;,&quot;SPWebUrl&quot;,&quot;IsDocument&quot;,&quot;FreshSortableTitle&quot;,&quot;ContentTypeId&quot;,&quot;ParentLink&quot;,&quot;ViewsRecent&quot;,&quot;SiteName&quot;,&quot;OriginalSourceUrlOWSTEXT&quot;,&quot;FreshTax1&quot;,&quot;FreshTax2&quot;,&quot;FreshTax3&quot;,&quot;FreshTax4&quot;,&quot;FreshTax5&quot;,&quot;FreshTax6&quot;,&quot;FreshTax7&quot;,&quot;FreshTax8&quot;],&quot;sortList&quot;:[{&quot;managedProperty&quot;:&quot;ViewsRecent&quot;,&quot;ascending&quot;:false},{&quot;managedProperty&quot;:&quot;LastModifiedTime&quot;,&quot;ascending&quot;:false}]}}, &quot;serverProcessedContent&quot;: {&quot;htmlStrings&quot;:{},&quot;searchablePlainTexts&quot;:{},&quot;imageSources&quot;:{},&quot;links&quot;:{}}, &quot;dynamicDataPaths&quot;: {}, &quot;dynamicDataValues&quot;: {}}" ControlId="8f251520-e730-473b-afbd-d8d1d6b4a47d" Order="1" Column="2" />
              </pnp:Controls>
            </pnp:Section>
          </pnp:Sections>
          <pnp:FieldValues>
            <pnp:FieldValue Key="Description" Value="{parameter:SiteDescription}" />
            <pnp:FieldValue Key="CandC_MainContact" Value="{parameter:CandC_MainContact}" />
          </pnp:FieldValues>
        </pnp:ClientSidePage>
      </pnp:ClientSidePages>

    </pnp:ProvisioningTemplate>
  </pnp:Templates>
</pnp:Provisioning>