{
  "$schema": "https://developer.microsoft.com/json-schemas/sp/site-design-script-actions.schema.json",
  "actions": [
    {
      "verb": "associateExtension",
      "title": "GlobalNavigationApplicationCustomizer",
      "location": "ClientSideExtension.ApplicationCustomizer",
      "clientSideComponentId": "63be6d0b-999c-45a2-ad79-ab068457f32f",
      "clientSideComponentProperties": "{\"replaceModernHeader\": false, \"showLocalNavigation\":false, \"topNavigationTermSetId\": \"{{TopNavigationTermSetId}}\",\"footerNavigationTermSetId\": \"{{FooterNavigationTermSetId}}\"}",
      "scope": "Web"
    }
  ],
  "version": 1
}