{
  "$schema": "https://developer.microsoft.com/json-schemas/sp/site-design-script-actions.schema.json",
  "actions": [
    {
      "verb": "createSiteColumnXml",
      "schemaXml": "<Field StaticName='CandC_ChannelTaxHTField' Name='CandC_ChannelTaxHTField' DisplayName='CandC_ChannelTaxHTField' ID='{4c42c0a3-b7f5-4885-9cca-5ab5cb2bf46a}' Type='Note' Group='Fresh Columns' ShowInViewForms='FALSE' Hidden='TRUE' Required='FALSE' />"
    },
    {
      "verb": "createSiteColumnXml",
      "schemaXml": "<Field StaticName='CandC_Channel' Name='CandC_Channel' DisplayName='Channel' ID='{eaf95a96-4fff-4308-aee0-e51225523065}' Type='TaxonomyFieldTypeMulti' Required='FALSE' ShowField='Term1033' EnforceUniqueValues='FALSE' DisplaceOnUpgrade='TRUE' Mult='TRUE' Group='Fresh Columns'><Customization><ArrayOfProperty><Property><Name>SspId</Name><Value xmlns:q1='http://www.w3.org/2001/XMLSchema' p4:type='q1:string'  xmlns:p4='http://www.w3.org/2001/XMLSchema-instance'>{{SiteCollectionTermStoreId}}</Value></Property><Property><Name>GroupId</Name></Property><Property><Name>TermSetId</Name><Value xmlns:q2='http://www.w3.org/2001/XMLSchema' p4:type='q2:string'  xmlns:p4='http://www.w3.org/2001/XMLSchema-instance'>78991615-33b1-4be1-91f8-a5d8c20bf17d</Value></Property><Property><Name>AnchorId</Name><Value xmlns:q3='http://www.w3.org/2001/XMLSchema' p4:type='q3:string'  xmlns:p4='http://www.w3.org/2001/XMLSchema-instance'>00000000-0000-0000-0000-000000000000</Value></Property><Property><Name>UserCreated</Name><Value xmlns:q4='http://www.w3.org/2001/XMLSchema' p4:type='q4:boolean'  xmlns:p4='http://www.w3.org/2001/XMLSchema-instance'>false</Value></Property><Property><Name>Open</Name><Value xmlns:q5='http://www.w3.org/2001/XMLSchema' p4:type='q5:boolean'  xmlns:p4='http://www.w3.org/2001/XMLSchema-instance'>false</Value></Property><Property><Name>TextField</Name><Value xmlns:q6='http://www.w3.org/2001/XMLSchema' p4:type='q6:string'  xmlns:p4='http://www.w3.org/2001/XMLSchema-instance'>{4c42c0a3-b7f5-4885-9cca-5ab5cb2bf46a}</Value></Property><Property><Name>IsPathRendered</Name><Value xmlns:q7='http://www.w3.org/2001/XMLSchema' p4:type='q7:boolean'  xmlns:p4='http://www.w3.org/2001/XMLSchema-instance'>false</Value></Property><Property><Name>IsKeyword</Name><Value xmlns:q8='http://www.w3.org/2001/XMLSchema' p4:type='q8:boolean'  xmlns:p4='http://www.w3.org/2001/XMLSchema-instance'>false</Value></Property><Property><Name>TargetTemplate</Name></Property><Property><Name>CreateValuesInEditForm</Name><Value xmlns:q9='http://www.w3.org/2001/XMLSchema' p4:type='q9:boolean'  xmlns:p4='http://www.w3.org/2001/XMLSchema-instance'>true</Value></Property><Property><Name>FilterAssemblyStrongName</Name><Value xmlns:q10='http://www.w3.org/2001/XMLSchema' p4:type='q10:string'  xmlns:p4='http://www.w3.org/2001/XMLSchema-instance'>Microsoft.SharePoint.Taxonomy, Version=16.0.0.0, Culture=neutral, PublicKeyToken=71e9bce111e9429c</Value></Property><Property><Name>FilterClassName</Name><Value xmlns:q11='http://www.w3.org/2001/XMLSchema' p4:type='q11:string'  xmlns:p4='http://www.w3.org/2001/XMLSchema-instance'>Microsoft.SharePoint.Taxonomy.TaxonomyField</Value></Property><Property><Name>FilterMethodName</Name><Value xmlns:q12='http://www.w3.org/2001/XMLSchema' p4:type='q12:string'  xmlns:p4='http://www.w3.org/2001/XMLSchema-instance'>GetFilteringHtml</Value></Property><Property><Name>FilterJavascriptProperty</Name><Value xmlns:q13='http://www.w3.org/2001/XMLSchema' p4:type='q13:string'  xmlns:p4='http://www.w3.org/2001/XMLSchema-instance'>FilteringJavascript</Value></Property></ArrayOfProperty></Customization></Field>"
    },
    {
      "verb": "createSiteColumnXml",
      "schemaXml": "<Field StaticName='CandC_ColorTaxHTField' Name='CandC_ColorTaxHTField' DisplayName='CandC_ColorTaxHTField' ID='{b7f54c41-2ca3-9cca-4885-5f46ab5cb2b1}' Type='Note' Group='Fresh Columns' ShowInViewForms='FALSE' Hidden='TRUE' Required='FALSE' />"
    },
    {
      "verb": "createSiteColumnXml",
      "schemaXml": "<Field StaticName='CandC_Color' Name='CandC_Color' DisplayName='Colour' ID='{5a9eaf96-f112-4aaa-4118-51225523e166}' Type='TaxonomyFieldTypeMulti' Required='FALSE' ShowField='Term1033' EnforceUniqueValues='FALSE' DisplaceOnUpgrade='TRUE' Mult='TRUE' Group='Fresh Columns'><Customization><ArrayOfProperty><Property><Name>SspId</Name><Value xmlns:q1='http://www.w3.org/2001/XMLSchema' p4:type='q1:string' xmlns:p4='http://www.w3.org/2001/XMLSchema-instance'>{{SiteCollectionTermStoreId}}</Value></Property><Property><Name>GroupId</Name></Property><Property><Name>TermSetId</Name><Value xmlns:q2='http://www.w3.org/2001/XMLSchema' p4:type='q2:string' xmlns:p4='http://www.w3.org/2001/XMLSchema-instance'>56a78466-73a4-4ad2-8bc1-24430aa3f326</Value></Property><Property><Name>AnchorId</Name><Value xmlns:q3='http://www.w3.org/2001/XMLSchema' p4:type='q3:string' xmlns:p4='http://www.w3.org/2001/XMLSchema-instance'>00000000-0000-0000-0000-000000000000</Value></Property><Property><Name>UserCreated</Name><Value xmlns:q4='http://www.w3.org/2001/XMLSchema' p4:type='q4:boolean' xmlns:p4='http://www.w3.org/2001/XMLSchema-instance'>false</Value></Property><Property><Name>Open</Name><Value xmlns:q5='http://www.w3.org/2001/XMLSchema' p4:type='q5:boolean' xmlns:p4='http://www.w3.org/2001/XMLSchema-instance'>false</Value></Property><Property><Name>TextField</Name><Value xmlns:q6='http://www.w3.org/2001/XMLSchema' p4:type='q6:string' xmlns:p4='http://www.w3.org/2001/XMLSchema-instance'>{b7f54c41-2ca3-9cca-4885-5f46ab5cb2b1}</Value></Property><Property><Name>IsPathRendered</Name><Value xmlns:q7='http://www.w3.org/2001/XMLSchema' p4:type='q7:boolean' xmlns:p4='http://www.w3.org/2001/XMLSchema-instance'>false</Value></Property><Property><Name>IsKeyword</Name><Value xmlns:q8='http://www.w3.org/2001/XMLSchema' p4:type='q8:boolean' xmlns:p4='http://www.w3.org/2001/XMLSchema-instance'>false</Value></Property><Property><Name>TargetTemplate</Name></Property><Property><Name>CreateValuesInEditForm</Name><Value xmlns:q9='http://www.w3.org/2001/XMLSchema' p4:type='q9:boolean' xmlns:p4='http://www.w3.org/2001/XMLSchema-instance'>true</Value></Property><Property><Name>FilterAssemblyStrongName</Name><Value xmlns:q10='http://www.w3.org/2001/XMLSchema' p4:type='q10:string' xmlns:p4='http://www.w3.org/2001/XMLSchema-instance'>Microsoft.SharePoint.Taxonomy, Version=16.0.0.0, Culture=neutral, PublicKeyToken=71e9bce111e9429c</Value></Property><Property><Name>FilterClassName</Name><Value xmlns:q11='http://www.w3.org/2001/XMLSchema' p4:type='q11:string' xmlns:p4='http://www.w3.org/2001/XMLSchema-instance'>Microsoft.SharePoint.Taxonomy.TaxonomyField</Value></Property><Property><Name>FilterMethodName</Name><Value xmlns:q12='http://www.w3.org/2001/XMLSchema' p4:type='q12:string' xmlns:p4='http://www.w3.org/2001/XMLSchema-instance'>GetFilteringHtml</Value></Property><Property><Name>FilterJavascriptProperty</Name><Value xmlns:q13='http://www.w3.org/2001/XMLSchema' p4:type='q13:string' xmlns:p4='http://www.w3.org/2001/XMLSchema-instance'>FilteringJavascript</Value></Property></ArrayOfProperty></Customization></Field>"
    },
    {
      "injectactions": "fresh-taxonomyColumns"
    },
    {
      "verb": "createSiteColumnXml",
      "schemaXml": "<Field ID='{363a295e-1bb1-446c-a5bc-cf6fb65b2319}' Type='Note' Name='CandC_Description' DisplayName='Short description' Required='FALSE' EnforceUniqueValues='FALSE' Indexed='FALSE' NumLines='3' RichText='FALSE' Sortable='FALSE' Group='Fresh Columns' StaticName='CandC_Description' CustomFormatter='' RestrictedMode='TRUE' RichTextMode='Compatible' IsolateStyles='FALSE' AppendOnly='FALSE' UnlimitedLengthInDocumentLibrary='FALSE' />"
    },
    {
      "verb": "createSiteColumnXml",
      "schemaXml": "<Field ID='{d3016d73-fe97-4e32-bd67-d9841e72d291}' Type='Boolean' Name='CandC_Featured' StaticName='CandC_Featured' DisplayName='Featured' EnforceUniqueValues='FALSE' Indexed='FALSE' Group='Fresh Columns'><Default>0</Default></Field>"
    },
    {
      "verb": "createSiteColumnXml",
      "schemaXml": "<Field ID='{d9837f5b-5555-4f55-bee3-5bfdccd53aac}' Type='DateTime' Name='CandC_PublishedDate' DisplayName='Publish date' Description='The date from which to push this content to users' Format='DateOnly' Required='TRUE' Group='Fresh Columns' StaticName='CandC_PublishedDate'><Default>[today]</Default></Field>"
    },
    {
      "verb": "createSiteColumnXml",
      "schemaXml": "<Field ID='{956879bc-b750-42e5-80ef-ff5a4195370e}' Type='DateTime' Name='CandC_PublishedExpirationDate' DisplayName='Expiration date' Description='The date from which to stop pushing this content to users' Format='DateOnly' Required='FALSE' Group='Fresh Columns' StaticName='CandC_PublishedExpirationDate'/>"
    },
    {
      "verb": "createSiteColumnXml",
      "schemaXml": "<Field ID='{f0b78a7d-5887-4c20-9df0-678d1e4309a3}' Type='DateTime' Name='CandC_ReviewDate' StaticName='CandC_ReviewDate' DisplayName='Review date' Description='Date for revision' Format='DateOnly' Required='FALSE' Group='Fresh Columns' />"
    },
    {
      "verb": "createSiteColumnXml",
      "schemaXml": "<Field ID='{a0eb6a43-aed9-4c3f-a01d-6afa3dc2a7e6}' Type='User' StaticName='CandC_ContentOwner' Name='CandC_ContentOwner' DisplayName='Content owner' Required='FALSE' Group='Fresh Columns' List='UserInfo' EnforceUniqueValues='FALSE' ShowField='ImnName' UserSelectionMode='PeopleOnly' UserSelectionScope='0' />"
    },
    {
      "verb": "createContentType",
      "id": "0x01010036DF8ACB058DF9489700B19236AAD594",
      "name": "Fresh document",
      "parentName": "Document",
      "hidden": false,
      "group": "Fresh Content Types",
      "subactions": [
        {
          "injectactions": "fresh-taxonomyColumnRefs"
        },
        {
          "verb": "addSiteColumn",
          "internalName": "CandC_Description"
        },
        {
          "verb": "addSiteColumn",
          "internalName": "CandC_Featured"
        },
        {
          "verb": "addSiteColumn",
          "internalName": "CandC_ReviewDate"
        },
        {
          "verb": "addSiteColumn",
          "internalName": "CandC_ContentOwner"
        }
      ]
    },
    {
      "verb": "createSPList",
      "listName": "Documents",
      "templateType": 101,
      "subactions": [
        {
          "verb": "addContentType",
          "name": "Fresh document"
        }
      ]
    },
    {
      "verb": "createSPList",
      "listName": "Site Pages",
      "templateType": 101,
      "subactions": [
        {
          "verb": "addSiteColumn",
          "internalName": "CandC_ChannelTaxHTField"
        },
        {
          "verb": "addSiteColumn",
          "internalName": "CandC_Channel"
        },
        {
          "verb": "addSiteColumn",
          "internalName": "CandC_ColorTaxHTField"
        },
        {
          "verb": "addSiteColumn",
          "internalName": "CandC_Color"
        },
        {
          "injectactions": "fresh-taxonomyColumnRefs"
        },
        {
          "verb": "addSiteColumn",
          "internalName": "CandC_PublishedDate"
        },
        {
          "verb": "addSiteColumn",
          "internalName": "CandC_PublishedExpirationDate"
        },
        {
          "verb": "addSiteColumn",
          "internalName": "CandC_ReviewDate"
        },
        {
          "verb": "addSiteColumn",
          "internalName": "CandC_ContentOwner"
        }
      ]
    }
  ],
  "version": 1
}