{
  "$schema": "https://developer.microsoft.com/json-schemas/sp/site-design-script-actions.schema.json",
  "actions": [
    {
      "verb": "installSolution",
      "id": "61DFEC6E-F352-4981-B106-232811E85E6B"
    },
    {
      "verb": "installSolution",
      "id": "49179684-69AD-459E-BEF2-1957A58661CD"
    },
    {
      "verb": "installSolution",
      "id": "38FFDAE8-A301-4EFE-B1FE-B25ABE9B4BF7"
    },
    {
      "verb": "installSolution",
      "id": "AAD798EB-6724-4266-9411-112764BBFB10"
    },
    {
      "verb": "installSolution",
      "id": "C4B35FE4-8EE3-4CA1-8E7E-1A0A77B769CF"
    }
  ],
  "version": 1
}